Date;SP500_LEVEL;SP500_NTM_EPS;SP500_DIV_YIELD;SPTSX_LEVEL;SPTSX_NTM_EPS;SPTSX_DIV_YIELD;MSCI_EAFE_LEVEL;MSCI_EAFE_NTM_EPS;MSCI_EAFE_DIV_YIELD;FTSE_TMX_UNIV_BOND_IDX_LEVEL;FTSE_TMX_CORP_BOND_IDX_LEVEL;CANADA_90D_RATE;CANADA_2Y_RATE;CANADA_10Y_RATE;CANADA_30Y_RATE;US_90D_RATE;US_2Y_RATE;US_10Y_RATE;US_30Y_RATE;GERMANY_90D_RATE;GERMANY_2Y_RATE;GERMANY_10Y_RATE;GERMANY_30Y_RATE;US_MANUFACTURING_PMI;EZ_MANUFACTURING_PMI;GLOBAL_MANUFACTURING_PMI;EMERGING_MANUFACTURING_PMI
2020-08-31;3500.31;130.64;1.67;16514.44;681.76;3.2;1909.99;89.32;2.77;1209.759;1371.988;0.147;0.275;0.622;1.164;0.0938;0.1309;0.7048;1.4747;-0.563;-0.652;-0.397;0.062;56;51.7;51.8;52.5
2020-07-31;3271.12;128.92;1.79;16169.21;658.41;3.27;1820.21;90.36;2.92;1223.592;1379.028;0.17;0.268;0.467;0.927;0.0837;0.1054;0.5282;1.1925;-0.559;-0.713;-0.524;-0.101;54.2;51.8;50.6;51.4
2020-06-30;3100.29;124.7;1.9;15515.22;629.57;3.42;1780.58;90.22;2.95;1208.266;1353.965;0.209;0.292;0.528;0.991;0.1293;0.1485;0.6561;1.4107;-0.544;-0.687;-0.454;0.005;52.6;47.4;47.9;49.6
2020-05-31;3044.31;125.22;1.94;15192.83;607.36;3.51;1725.09;93.79;3.09;1188.173;1319.989;0.192;0.29;0.534;1.118;0.1246;0.1603;0.6526;1.4064;-0.521;-0.659;-0.447;0.003;43.1;39.4;42.4;45.4
2020-04-30;2912.43;129.27;2.05;14780.74;748.02;3.67;1657.69;99.48;3.39;1184.466;1312.147;0.263;0.312;0.547;1.128;0.0788;0.1956;0.6393;1.2848;-0.568;-0.76;-0.586;-0.177;41.5;33.4;39.6;42.7
2020-03-31;2584.59;150.8;2.39;13378.75;877.2;4.1;1559.59;112.5;4;1141.262;1252.643;0.255;0.425;0.697;1.304;0.061;0.2455;0.6695;1.3214;-0.68;-0.689;-0.471;0.027;49.1;44.5;47.3;49.1
2020-02-29;2954.22;172.67;2.13;16263.05;1096.77;3.33;1809.71;130.67;3.69;1164.559;1324.355;1.486;1.155;1.132;1.324;1.267;0.913;1.1486;1.6752;-0.618;-0.769;-0.607;-0.15;50.1;49.2;47.1;44.6
2020-01-31;3225.52;174.8;1.92;17318.49;1117.09;3.15;1993.72;135;3.4;1156.355;1318.879;1.641;1.431;1.273;1.431;1.5382;1.3132;1.5068;1.9996;-0.536;-0.67;-0.434;0.07;50.9;47.9;50.3;51
2019-12-31;3230.78;163.81;1.83;17063.43;1061.51;3.09;2036.94;129.45;3.24;1123.682;1284.487;1.659;1.697;1.702;1.763;1.5436;1.5691;1.9175;2.3896;-0.7;-0.601;-0.185;0.349;47.8;46.3;50.1;51
2019-11-30;3140.98;164.05;1.88;17040.2;1079.66;3.08;1974.47;129.42;3.33;1137.221;1291.482;1.655;1.586;1.463;1.557;1.5672;1.6119;1.7758;2.2054;-0.627;-0.627;-0.36;0.148;48.1;46.9;50.3;51.1
2019-10-31;3037.56;164.63;1.94;16483.16;1064.91;3.08;1955.48;131.3;3.4;1131.372;1283.128;1.663;1.518;1.412;1.576;1.524;1.5239;1.691;2.1791;-0.611;-0.66;-0.407;0.109;48.5;45.9;49.8;51
2019-09-30;2976.74;164.35;1.96;16658.63;1078.72;3.09;1889.36;131.19;3.5;1133.331;1283.68;1.655;1.58;1.361;1.529;1.8071;1.6217;1.6646;2.1105;-0.574;-0.766;-0.571;-0.068;48.2;45.7;49.8;51
2019-08-31;2926.46;165.75;2;16442.07;1085.74;3.13;1842.58;133.13;3.63;1142.93;1290.609;1.625;1.354;1.164;1.428;1.9765;1.504;1.4961;1.9626;-0.71;-0.927;-0.7;-0.177;48.8;47;49.5;50.4
2019-07-31;2980.38;166.08;1.96;16406.56;1085.99;3.13;1897.12;134.41;3.54;1121.893;1275.227;1.651;1.545;1.477;1.696;2.0616;1.8721;2.0144;2.5249;-0.57;-0.778;-0.44;0.123;51.3;46.5;49.3;50.1
2019-06-30;2941.76;166.06;1.97;16382.2;1086.96;3.14;1922.3;136.87;3.57;1120.014;1269.835;1.659;1.474;1.466;1.685;2.0868;1.7549;2.0051;2.5291;-0.571;-0.75;-0.327;0.265;51.6;47.6;49.4;49.9
2019-05-31;2752.06;166.74;2.11;16037.49;1106.23;3.2;1817.39;136.29;3.74;1109.882;1256.546;1.681;1.429;1.488;1.767;2.3399;1.9221;2.1246;2.5685;-0.542;-0.659;-0.202;0.427;52.3;47.7;49.8;50.4
2019-04-30;2945.83;166.47;1.97;16580.73;1099.47;3.08;1921.49;137.49;3.57;1091.433;1240.301;1.677;1.563;1.712;1.99;2.4099;2.2661;2.5018;2.9288;-0.546;-0.584;0.013;0.655;53.4;47.9;50.5;50.5
2019-03-31;2834.4;166.17;2.04;16102.09;1085.58;3.16;1875.43;137.32;3.64;1092.552;1236.637;1.669;1.549;1.617;1.892;2.3809;2.26;2.405;2.8143;-0.525;-0.602;-0.07;0.574;54.6;47.5;50.5;51
2019-02-28;2784.49;167.01;2.07;15999.01;1079.49;3.17;1873.72;139.25;3.67;1067.431;1212.529;1.673;1.78;1.942;2.19;2.4326;2.5141;2.715;3.0802;-0.517;-0.519;0.183;0.808;54.1;49.3;50.5;50.5
2019-01-31;2704.1;168.25;2.13;15540.6;1088.78;3.25;1831.09;141.8;3.78;1065.49;1208.776;1.655;1.775;1.879;2.138;2.3839;2.4576;2.6293;2.9956;-0.526;-0.564;0.149;0.746;55.5;50.5;50.6;49.4
2018-12-31;2506.85;162.43;2.18;14322.86;1054.98;3.46;1719.88;136.03;3.84;1051.435;1188.779;1.652;1.863;1.967;2.184;2.3549;2.4878;2.6842;3.0145;-0.767;-0.61;0.242;0.875;55;51.4;51.4;50.2
2018-11-30;2760.17;163.61;1.97;15197.82;1059.57;3.24;1809.56;136.19;3.63;1037.379;1176.351;1.7;2.16;2.268;2.39;2.3424;2.7865;2.9879;3.29;-0.719;-0.596;0.313;0.987;58.8;51.8;51.8;50.7
2018-10-31;2711.74;163.89;1.99;15027.28;1028.41;3.19;1815.17;136.6;3.6;1026.862;1171.331;1.741;2.338;2.494;2.533;2.3251;2.8669;3.1435;3.3909;-0.821;-0.618;0.385;1.02;58.5;52;51.9;50.4
2018-09-30;2913.98;161.57;1.85;16073.14;1031.79;2.98;1973.6;138.7;3.36;1033.202;1178.621;1.584;2.214;2.427;2.422;2.1964;2.8188;3.0612;3.2057;-0.557;-0.523;0.47;1.078;59.3;53.2;52;50.3
2018-08-31;2901.52;161.7;1.86;16262.88;1039.31;2.95;1962.05;138.92;3.38;1043.295;1187.999;1.538;2.07;2.228;2.252;2.0938;2.6269;2.8604;3.0191;-0.577;-0.605;0.326;1.007;60.8;54.6;52.4;50.8
2018-07-31;2816.29;161.17;1.91;16434.01;1035.41;2.92;2006.06;139.15;3.32;1035.508;1178.288;1.447;2.069;2.31;2.329;2.0203;2.6694;2.9598;3.0822;-0.577;-0.57;0.443;1.09;58.2;55.1;52.6;51
2018-06-30;2718.37;159.65;1.97;16277.73;1038.4;2.95;1958.64;138.9;3.39;1043.176;1184.072;1.262;1.914;2.168;2.205;1.9123;2.5282;2.8601;2.989;-0.588;-0.665;0.302;1.02;59.9;54.9;52.8;51.2
2018-05-31;2705.27;159;1.97;16061.5;1028.53;2.96;1986.17;139.37;3.35;1037.24;1179.23;1.29;1.918;2.244;2.264;1.8946;2.4274;2.8586;3.0253;-0.589;-0.656;0.341;1.034;59;55.5;53;51.1
2018-04-30;2648.05;157.88;2.01;15607.88;1002.68;3.04;2043.66;140.43;3.32;1028.963;1172.686;1.195;1.893;2.307;2.401;1.7996;2.4879;2.9531;3.1237;-0.65;-0.586;0.559;1.235;58.4;56.2;53.3;51.3
2018-03-31;2640.87;155.99;2.02;15367.29;1000.39;3.09;2005.67;143.07;3.4;1037.846;1179.139;1.153;1.775;2.091;2.228;1.7001;2.2661;2.7389;2.9737;-0.754;-0.602;0.497;1.158;58.9;56.6;53.1;51.3
2018-02-28;2713.83;156.38;1.96;15442.68;1004.35;3.06;2051.73;141.71;3.3;1030.073;1173.204;1.149;1.787;2.235;2.375;1.6518;2.25;2.8606;3.1242;-0.661;-0.54;0.656;1.303;60.6;58.6;53.9;51.9
2018-01-31;2823.81;154.33;1.87;15951.67;1008.06;2.93;2153.05;139.79;3.16;1028.546;1173.027;1.199;1.838;2.289;2.36;1.4551;2.1406;2.705;2.9348;-0.65;-0.526;0.697;1.33;59.2;59.6;54.2;51.8
2017-12-31;2673.61;134;1.86;16209.13;922.63;2.78;2050.79;128.12;3.06;1036.837;1175.872;1.059;1.689;2.045;2.266;1.3757;1.883;2.4054;2.7399;-0.688;-0.627;0.427;1.263;59.1;60.6;54.3;52.1
2017-11-30;2647.58;133.76;1.87;16067.48;928.69;2.81;2020.13;127.95;3.11;1041.108;1180.188;0.882;1.432;1.889;2.23;1.256;1.782;2.4097;2.8269;-0.953;-0.684;0.367;1.189;58.1;60.1;53.8;51.5
2017-10-31;2575.26;133.01;1.93;16025.59;900.69;2.75;2002.54;126.21;3.1;1032.978;1172.208;0.877;1.394;1.951;2.302;1.1312;1.5997;2.3793;2.8794;-0.787;-0.75;0.363;1.229;58.8;58.5;53.3;51.2
2017-09-30;2519.36;130.73;1.95;15634.94;890.48;2.83;1973.81;127.49;3.17;1016.283;1154.334;1.004;1.517;2.099;2.472;1.0405;1.4827;2.3336;2.8601;-0.699;-0.692;0.464;1.295;59.9;58.1;53.1;51.3
2017-08-31;2471.65;130.84;2;15211.87;894.47;2.92;1930.82;128.01;3.25;1029.915;1167.035;0.78;1.275;1.849;2.263;0.991;1.3255;2.117;2.7262;-0.709;-0.727;0.361;1.119;58.8;57.4;53;51.7
2017-07-31;2470.3;130.55;1.99;15143.87;880.65;2.93;1936.91;126.03;3.21;1015.607;1153.866;0.739;1.316;2.057;2.465;1.0724;1.3491;2.2942;2.8999;-0.668;-0.68;0.543;1.3;56.8;56.6;52.6;50.9
2017-06-30;2423.41;129.94;2.02;15182.19;892.89;2.95;1883.19;123.3;3.23;1035.302;1169.97;0.713;1.103;1.762;2.148;1.0113;1.3817;2.3037;2.8348;-0.82;-0.572;0.466;1.247;56.4;57.4;52.4;50.7
2017-05-31;2411.8;129.95;2.03;15349.91;913.76;2.94;1890.06;122.17;3.19;1047.543;1181.305;0.539;0.694;1.416;2.052;0.9706;1.2818;2.2028;2.8634;-0.839;-0.713;0.304;1.158;56.4;57;52.4;50.5
2017-04-30;2384.2;129.62;2.04;15586.13;914.07;2.89;1833.7;120.71;3.25;1038.639;1175.88;0.528;0.721;1.547;2.162;0.7923;1.2619;2.2802;2.9508;-0.855;-0.733;0.317;1.102;55.5;56.7;52.6;50.9
2017-03-31;2362.72;129.04;2.05;15547.75;916.82;2.91;1792.98;115.09;3.25;1023.95;1158.18;0.552;0.748;1.625;2.302;0.7516;1.254;2.3874;3.0095;-0.816;-0.74;0.328;1.109;56.4;56.2;52.8;51.5
2017-02-28;2363.64;129.43;2.05;15399.24;915.83;2.93;1753.09;114.68;3.29;1019.812;1153.334;0.507;0.758;1.635;2.342;0.6042;1.2601;2.3899;2.9952;-0.857;-0.899;0.208;0.993;57.4;55.4;52.8;51.3
2017-01-31;2278.87;129.86;2.12;15385.96;915.83;2.87;1732.38;114.41;3.32;1010.158;1142.076;0.464;0.771;1.759;2.408;0.5127;1.2044;2.4531;3.0612;-0.714;-0.699;0.436;1.154;55.3;55.2;52.6;50.8
2016-12-31;2238.83;118.51;2.07;15287.59;757.28;2.79;1684;102.75;3.23;1011.392;1137.382;0.456;0.747;1.721;2.312;0.4974;1.1883;2.4443;3.0651;-0.852;-0.766;0.208;0.943;54.4;54.9;52.6;51.1
2016-11-30;2198.81;118.99;2.11;15082.85;758.1;2.83;1629.67;104.1;3.37;1016.437;1139.196;0.513;0.703;1.585;2.166;0.4771;1.113;2.3809;3.0337;-0.754;-0.727;0.275;0.946;53.4;53.7;52;50.8
2016-10-31;2126.15;118.74;2.17;14787.27;744.6;2.83;1665.72;107.05;3.37;1037.88;1153.924;0.475;0.547;1.196;1.849;0.2993;0.8409;1.8255;2.5798;-0.811;-0.618;0.163;0.792;52;53.5;51.9;51.1
2016-09-30;2168.27;116.96;2.12;14725.86;740.7;2.82;1701.69;108.89;3.37;1047.384;1158.51;0.532;0.521;0.996;1.661;0.2739;0.7619;1.5944;2.3154;-0.758;-0.683;-0.119;0.447;51.2;52.6;51;50.4
2016-08-31;2170.95;117.62;2.13;14597.95;749.34;2.85;1685.57;108.1;3.39;1044.787;1154.2;0.524;0.576;1.024;1.628;0.3298;0.8053;1.58;2.232;-0.795;-0.618;-0.065;0.458;50;51.7;50.7;50.1
2016-07-31;2173.6;117.85;2.13;14582.74;750.38;2.86;1689.12;107.76;3.37;1043.842;1148.889;0.535;0.54;1.027;1.641;0.2536;0.6554;1.4531;2.1827;-0.724;-0.625;-0.119;0.341;52.5;52;50.9;50.3
2016-06-30;2098.86;117.41;2.2;14064.54;745.28;2.99;1608.45;108.22;3.54;1035.106;1140.432;0.492;0.518;1.061;1.716;0.2587;0.5817;1.4697;2.2847;-0.659;-0.661;-0.13;0.38;52.5;52.8;50.3;49.3
2016-05-31;2096.96;117.53;2.19;14065.78;745.41;2.99;1667.84;108.07;3.44;1017.083;1126.241;0.548;0.614;1.319;1.961;0.2849;0.877;1.8458;2.6479;-0.573;-0.514;0.139;0.85;51.3;51.5;50.1;49.6
2016-04-30;2065.3;117.29;2.22;13951.45;739.77;3.01;1693.18;111.42;3.45;1007.918;1118.831;0.56;0.692;1.513;2.084;0.2085;0.7816;1.8333;2.6781;-0.587;-0.484;0.271;1.009;51;51.7;50.1;49.6
2016-03-31;2059.74;117.94;2.23;13494.36;750;3.14;1652.04;108.3;3.5;1008.716;1113.079;0.454;0.542;1.227;2.008;0.1983;0.7211;1.7687;2.6119;-0.556;-0.487;0.153;0.829;51;51.6;50.6;50.2
2016-02-29;1932.23;119.1;2.38;12860.35;781.32;3.34;1558.17;107.87;3.62;1000.86;1095.643;0.463;0.519;1.191;1.975;0.3154;0.7737;1.7347;2.6156;-0.565;-0.571;0.107;0.841;49.1;51.2;49.9;48.9
2016-01-31;1940.24;120.66;2.37;12822.13;827.73;3.42;1591.46;110.28;3.57;998.723;1096.783;0.463;0.422;1.225;2.035;0.3103;0.7737;1.9209;2.7438;-0.451;-0.487;0.325;1.056;47;52.3;50.9;49.4
2015-12-31;2043.94;117.53;2.14;13009.95;780.21;3.44;1716.28;110.28;3.27;994.846;1096.536;0.511;0.481;1.394;2.149;0.1627;1.0477;2.2694;3.0158;-0.509;-0.345;0.629;1.487;48.8;53.2;50.7;49.1
2015-11-30;2080.41;117.96;2.1;13469.83;778.89;3.3;1741.01;109.89;3.2;983.694;1089.967;0.491;0.632;1.57;2.286;0.1678;0.9304;2.206;2.9723;-0.406;-0.415;0.473;1.33;49.5;52.8;51;49.3
2015-10-31;2079.36;118.14;2.11;13529.17;787.31;3.22;1771.66;113.36;3.22;982.701;1085.135;0.438;0.576;1.542;2.304;0.0712;0.724;2.1421;2.9222;-0.341;-0.315;0.517;1.255;49.3;52.3;51;49
2015-09-30;1920.03;117.57;2.26;13306.96;798.55;3.28;1644.4;114.37;3.5;985.234;1089.698;0.441;0.519;1.432;2.199;-0.0203;0.6289;2.0368;2.8538;-0.339;-0.252;0.587;1.33;50.1;52;50.4;48.5
2015-08-31;1972.18;118.13;2.2;13859.12;804.47;3.13;1736.81;115.96;3.36;987.905;1090.345;0.369;0.439;1.493;2.235;0;0.7375;2.2179;2.9619;-0.278;-0.203;0.798;1.516;50.4;52.3;50.5;48.7
2015-07-31;2103.84;118.45;2.06;14468.44;804;3.02;1879.75;114.76;3.08;997.931;1100.943;0.403;0.409;1.441;2.126;0.061;0.6606;2.1801;2.9061;-0.279;-0.232;0.644;1.316;52.2;52.4;50.8;49.1
2015-06-30;2063.11;117.86;2.08;14553.33;803.66;2.96;1842.46;116.37;3.18;983.798;1091.423;0.578;0.484;1.683;2.303;0.0051;0.6427;2.3531;3.1236;-0.26;-0.227;0.764;1.572;52.6;52.5;51;49.9
2015-05-31;2107.39;118.22;2.04;15014.09;808.36;2.87;1898.98;115.43;3.06;989.291;1097.065;0.634;0.569;1.624;2.213;0;0.6053;2.1214;2.8818;-0.292;-0.225;0.487;1.107;52.6;52.2;51.1;49.8
2015-04-30;2085.51;117.72;2.06;15224.52;795.39;2.83;1918.4;116.59;3.04;987.309;1094.605;0.663;0.676;1.581;2.178;0;0.567;2.0317;2.7404;-0.334;-0.221;0.366;0.867;51.9;52;50.8;49.6
2015-03-31;2067.89;118.17;2.06;14902.44;806.85;2.93;1849.34;111.57;3.04;1000.945;1105.498;0.546;0.506;1.357;1.984;0.0203;0.5551;1.9231;2.5359;-0.277;-0.252;0.18;0.605;51.9;52.2;51.5;50
2015-02-28;2104.5;118.36;2.03;15234.34;815.97;2.88;1886.26;114.71;3.06;1004.13;1106.863;0.577;0.472;1.301;1.919;0.0101;0.6184;1.993;2.5903;-0.239;-0.227;0.328;1.008;52.7;51;51.9;51.1
2015-01-31;1994.99;119.26;2.12;14673.48;863.96;3;1782.7;116.98;3.25;1005.479;1105.481;0.592;0.394;1.251;1.834;0;0.4488;1.6407;2.2222;-0.188;-0.184;0.302;0.951;53.6;51;51.6;50.7
2014-12-31;2058.9;119.7;1.94;14632.44;902.34;2.94;1774.89;117.14;3.24;961.015;1067.562;0.924;1.012;1.788;2.335;0.0355;0.6645;2.1712;2.7518;-0.016;-0.098;0.541;1.389;55.6;50.6;51.5;50.8
2014-11-30;2067.56;120.13;1.92;14744.7;913.9;2.91;1839.73;119.42;3.18;955.675;1064.774;0.909;0.994;1.858;2.424;0.0101;0.4685;2.164;2.8888;-0.107;-0.032;0.7;1.594;56.8;50.1;51.7;50.9
2014-10-31;2018.05;120.2;1.96;14613.32;900.39;2.87;1818.35;122.67;3.29;941.101;1051.985;0.89;1.023;2.048;2.59;0.0051;0.4914;2.3353;3.0662;-0.123;-0.056;0.841;1.759;56.6;50.6;52.1;51.1
2014-09-30;1972.29;119.36;1.99;14960.51;916.11;2.79;1846.08;123.78;3.24;935.775;1047.985;0.917;1.124;2.146;2.671;0.0152;0.567;2.4888;3.1967;-0.068;-0.082;0.947;1.872;56.1;50.3;52.1;50.7
2014-08-31;2003.37;119.51;1.95;15625.73;913.84;2.68;1924.62;128.61;3.22;941.701;1053.166;0.939;1.104;1.995;2.556;0.0203;0.4882;2.3431;3.0792;-0.041;-0.029;0.89;1.749;56.8;50.7;52.5;50.9
2014-07-31;1930.67;119.58;2.02;15330.74;917.83;2.71;1932.66;129.61;3.24;931.764;1045.116;0.963;1.098;2.159;2.694;0.0203;0.5276;2.5578;3.3167;0.004;0.025;1.155;2.07;55.6;51.8;52.4;51.6
2014-06-30;1960.23;118.13;1.99;15146.01;914.13;2.74;1972.12;131.8;3.2;925.916;1039.875;0.946;1.105;2.237;2.78;0.0203;0.4567;2.5304;3.3599;-0.02;0.028;1.245;2.187;54.9;51.8;52.5;51
2014-05-31;1923.57;117.97;2.02;14604.16;917.47;2.84;1956.61;131.97;3.21;923.577;1037.33;0.939;1.049;2.246;2.78;0.0304;0.373;2.4759;3.3277;0.017;0.064;1.358;2.265;55.7;52.2;52;50.3
2014-04-30;1883.95;117.77;2.06;14651.87;915.03;2.83;1936.67;133.8;3.26;912.408;1026.824;0.954;1.061;2.404;2.927;0.0253;0.4104;2.6459;3.4593;-0.015;0.141;1.469;2.362;55.9;53.4;51.6;49.5
2014-03-31;1872.34;117.2;2.06;14335.31;903.17;2.91;1915.69;132.1;3.24;907.806;1021.571;0.893;1.068;2.458;2.964;0.0304;0.4183;2.718;3.5583;0.06;0.159;1.566;2.449;55.5;53;52.1;49.6
2014-02-28;1859.45;117.64;2.08;14209.59;890.2;2.92;1935.88;133.35;3.22;909.539;1020.249;0.837;1.001;2.425;2.941;0.0456;0.3169;2.6476;3.5822;0.08;0.128;1.624;2.498;54.4;53.2;52.8;50
2014-01-31;1782.59;117.63;2.13;13694.94;904.7;3.02;1837.64;133.19;3.34;906.374;1015.96;0.885;0.947;2.339;2.925;0.0203;0.3277;2.644;3.5985;0.056;0.068;1.659;2.486;51.8;54;52.7;50.7
2013-12-31;1848.36;110.57;1.9;13621.55;844.3;2.99;1915.6;124.7;3.07;883.375;992.297;0.916;1.137;2.759;3.229;0.0659;0.3799;3.0282;3.9679;0.122;0.213;1.929;2.76;56.6;52.7;52.8;51
2013-11-30;1805.81;111.15;1.95;13395.4;853.37;3.05;1888.91;124.38;3.11;887.165;995.211;0.941;1.097;2.556;3.15;0.0558;0.2814;2.7445;3.8106;0.038;0.117;1.693;2.615;56.4;51.6;52.7;51.2
2013-10-31;1756.54;110.96;2.01;13361.26;838.02;2.99;1878.39;127.05;3.16;889.264;995.072;0.91;1.112;2.424;3.014;0.0355;0.305;2.5542;3.6386;0.004;0.115;1.674;2.589;55.1;51.3;51.8;51.1
2013-09-30;1681.55;110.27;2.08;12787.19;832.95;3.12;1818.23;127.1;3.23;880.008;983.361;0.982;1.193;2.543;3.072;0.0051;0.3168;2.61;3.6847;0.01;0.167;1.779;2.59;55;51.1;51.6;50.5
2013-08-31;1632.97;110.28;2.16;12653.9;838.04;3.17;1697.34;125.35;3.4;875.434;979.414;0.992;1.191;2.616;3.071;0.0203;0.3987;2.7839;3.6995;-0.013;0.238;1.856;2.647;54.8;51.4;51.4;50
2013-07-31;1685.73;110.41;2.09;12486.64;832.32;3.22;1724.75;126.04;3.34;880.675;984.473;1.006;1.156;2.452;2.971;0.0355;0.3089;2.5762;3.6353;-0.004;0.152;1.67;2.47;54.5;50.3;50.4;48.6
2013-06-30;1606.28;109.82;2.17;12129.11;865.51;3.32;1638.94;125.74;3.48;879.021;979.874;1.017;1.221;2.439;2.896;0.0304;0.3554;2.4857;3.4994;0.013;0.188;1.728;2.483;50.8;48.8;50.2;49.3
2013-05-31;1630.74;109.87;2.14;12650.42;873.91;3.17;1702.25;126.02;3.36;897.199;998.948;1.014;1.081;2.064;2.631;0.0253;0.2933;2.1282;3.2791;-0.017;0.069;1.505;2.364;50.6;48.3;50.3;49.9
2013-04-30;1597.57;109.83;2.16;12456.5;875.07;3.2;1753.61;127.58;3.3;910.515;1009.207;0.988;0.924;1.697;2.371;0.0456;0.2074;1.6717;2.8762;-0.022;0.012;1.216;2.104;50.4;46.7;50.2;50.8
2013-03-31;1569.19;110.3;2.19;12749.9;903.98;3.11;1674.3;120.27;3.39;900.239;998.965;0.979;1.002;1.872;2.5;0.071;0.2421;1.8486;3.1023;-0.004;-0.023;1.289;2.218;51.5;46.8;51;51.6
2013-02-28;1514.68;110.39;2.27;12821.83;906.17;3.09;1667.8;121.95;3.42;896.266;992.648;0.959;0.949;1.837;2.524;0.1014;0.2343;1.8756;3.0856;-0.023;0.04;1.454;2.315;53.5;47.9;50.7;51.1
2013-01-31;1498.11;110.18;2.29;12685.2;915.06;3.05;1687.33;125.91;3.45;887.426;981.495;0.932;1.157;1.99;2.57;0.071;0.2618;1.9849;3.1719;0.068;0.269;1.68;2.381;52.3;47.9;51.4;52.1
2012-12-31;1426.19;103.65;2.25;12433.53;847.39;3.01;1604;119.14;3.48;894.037;983.987;0.928;1.141;1.798;2.365;0.0406;0.2468;1.7574;2.9499;0.13;-0.015;1.316;2.177;50.4;46.1;50.1;51.5
2012-11-30;1416.18;103.78;2.24;12239.36;847.31;3.04;1555.73;119.32;3.58;895.234;983.903;0.958;1.068;1.7;2.294;0.0761;0.2461;1.6156;2.8089;0.021;0.01;1.386;2.291;49.1;46.2;49.6;50.7
2012-10-31;1412.16;104.16;2.24;12422.91;825.74;2.94;1522.23;121.92;3.7;889.699;976.294;0.992;1.074;1.785;2.38;0.1065;0.2814;1.6901;2.8579;-0.022;0.038;1.462;2.305;51;45.4;48.8;50
2012-09-30;1440.67;103.19;2.11;12317.46;830.61;2.95;1510.76;124.33;3.74;891.386;976.212;0.975;1.063;1.728;2.319;0.0913;0.2304;1.6335;2.823;0.028;0.021;1.442;2.257;51.2;46.1;48.6;48.8
2012-08-31;1406.58;103.58;2.17;11949.26;832.97;3.02;1472.51;124.15;3.8;885.427;967.84;1.032;1.14;1.774;2.336;0.071;0.2205;1.5484;2.6723;-0.075;-0.035;1.334;2.116;49.4;45.1;48.6;48.7
2012-07-31;1379.32;103.34;2.2;11664.71;826.87;3.1;1438.57;125.52;3.9;886.335;964.618;0.967;1.077;1.679;2.269;0.0963;0.2113;1.4679;2.5467;-0.06;-0.091;1.285;2.13;50.2;44;48.6;49.8
2012-06-30;1362.16;104.21;2.2;11596.56;886.25;3.14;1423.38;128.28;3.99;880.509;956.099;0.879;1.026;1.739;2.329;0.0811;0.3011;1.6449;2.7533;0.042;0.124;1.583;2.33;48.9;45.1;49.4;49.6
2012-05-31;1310.33;104.83;2.28;11513.21;906.64;3.15;1332.89;129.23;4.25;880.424;955.672;0.946;1.063;1.741;2.292;0.0659;0.2618;1.5578;2.6421;0.075;0.002;1.2;1.738;52.6;45.1;49.9;49.9
2012-04-30;1397.91;105.17;2.13;12292.69;911.99;2.91;1516.21;134.17;3.88;862.239;939.798;1.065;1.336;2.037;2.608;0.0915;0.2559;1.9137;3.1111;0.078;0.08;1.663;2.361;54.2;45.9;51;50.7
2012-03-31;1408.47;104.24;2.08;12392.18;936.45;2.88;1553.46;123.42;3.73;861.144;939.587;0.911;1.197;2.111;2.656;0.0661;0.3287;2.2088;3.3358;0.101;0.206;1.794;2.45;53.5;47.7;51.3;50.1
2012-02-29;1365.68;104.49;2.14;12644.01;953.83;2.79;1567.67;124.67;3.73;863.889;938.429;0.942;1.097;1.987;2.598;0.0763;0.2932;1.9705;3.0848;0.096;0.191;1.818;2.434;52.6;49;51;50.7
2012-01-31;1312.41;104.61;2.2;12452.15;984.13;2.83;1486.74;128.46;3.94;867.347;935.706;0.868;0.955;1.889;2.504;0.0508;0.2147;1.7971;2.9375;0.071;0.158;1.787;2.448;53.2;48.8;50.8;49.9
2011-12-31;1257.61;98.88;2.11;11955.09;916.87;2.84;1412.55;124.81;3.96;862.974;926.402;0.801;0.956;1.941;2.494;0.0102;0.2391;1.8762;2.8941;0.228;0.144;1.829;2.369;53;46.9;50.1;49.4
2011-11-30;1246.96;99.13;2.12;12204.11;913.4;2.8;1427.27;127.39;3.98;848.678;913.722;0.871;1.008;2.151;2.692;0;0.2539;2.068;3.0554;0.096;0.337;2.28;2.918;51.8;46.4;49.3;48.7
2011-10-31;1253.3;99.09;2.11;12252.06;893.99;2.73;1505;134.8;3.93;841.642;908.237;0.911;0.996;2.283;2.926;-0.0152;0.2382;2.1133;3.1307;0.386;0.539;2.025;2.785;51.4;47.1;50.5;50.7
2011-09-30;1131.42;99.05;2.31;11623.84;920.01;2.89;1373.33;135.3;4.22;845.29;911.721;0.815;0.886;2.155;2.772;0.0203;0.243;1.9154;2.9134;0.355;0.55;1.887;2.643;53.7;48.5;50.4;49.7
2011-08-31;1218.89;99.94;2.14;12768.7;912.13;2.62;1523.58;142.01;3.98;830.244;900.982;0.944;1.084;2.49;3.106;0.0102;0.1995;2.2234;3.6008;0.902;0.72;2.219;3.08;52.6;49;50.9;50
2011-07-31;1292.28;99.38;2.01;12945.63;892.05;2.57;1679.84;144.46;3.61;820.584;897.571;0.924;1.395;2.784;3.289;0.0915;0.3554;2.7961;4.1184;0.762;1.162;2.538;3.281;52.9;50.4;51.1;50.3
2011-06-30;1320.64;98.9;1.94;13300.87;902.46;2.52;1708.08;142.91;3.5;804.146;879.007;0.9;1.594;3.11;3.547;0.0102;0.4576;3.16;4.371;1.077;1.609;3.025;3.765;55.8;52;51.9;51.2
2011-05-31;1345.2;99.25;1.9;13802.88;922.09;2.44;1732.84;144.16;3.46;803.617;879.523;0.967;1.54;3.074;3.494;0.0456;0.4685;3.0607;4.2242;0.888;1.605;3.02;3.534;54.8;54.6;53.2;52.3
2011-04-30;1363.61;98.69;1.86;13944.79;912.01;2.36;1797.52;146.85;3.39;791.396;867.298;0.986;1.707;3.205;3.689;0.0355;0.6013;3.2863;4.3968;0.838;1.771;3.239;3.697;57.9;58;53.7;52.9
2011-03-31;1325.83;96.94;1.9;14116.1;911.48;2.33;1702.55;142.68;3.42;784.704;858.696;0.956;1.831;3.35;3.756;0.0913;0.8211;3.4703;4.5076;0.776;1.79;3.354;3.798;58.4;57.5;54.1;53.2
2011-02-28;1327.22;96.28;1.89;14136.5;902.96;2.32;1749.01;141.39;3.29;785.177;859.837;1.021;1.844;3.299;3.699;0.1349;0.6802;3.4272;4.5007;0.489;1.517;3.17;3.587;59.2;59;55.4;53.4
2011-01-31;1286.12;95.57;1.93;13551.99;907.46;2.41;1696.38;140.42;3.36;783.382;855.938;1.014;1.667;3.275;3.729;0.145;0.562;3.3704;4.5711;0.618;1.372;3.155;3.58;59.1;57.3;54.6;54.9
2010-12-31;1257.64;85.29;1.82;13443.22;735.09;2.45;1658.3;126.2;3.14;786.85;855.862;1.049;1.68;3.122;3.528;0.1197;0.5934;3.2935;4.3341;0.338;0.864;2.963;3.415;56.6;57.1;53.5;54.5
2010-11-30;1180.55;85.23;1.93;12952.88;741.97;2.56;1535.13;123.79;3.33;785.576;853.272;1.012;1.615;3.061;3.483;0.1552;0.4528;2.7968;4.1104;0.44;0.856;2.67;3.107;57.3;55.3;53.3;54.5
2010-10-31;1183.26;84.75;1.92;12676.24;704.76;2.59;1616.41;126.54;3.27;794.263;862.328;0.993;1.414;2.81;3.446;0.1105;0.3357;2.5993;3.9828;0.574;0.989;2.518;2.997;56.9;54.6;52.9;53.4
2010-09-30;1141.2;83.28;1.98;12368.65;712.2;2.63;1561.01;123.29;3.31;792.492;859.767;1.012;1.378;2.758;3.357;0.1532;0.4222;2.5098;3.6849;0.392;0.834;2.278;2.868;55.3;53.7;52.6;52.4
2010-08-31;1049.33;83.4;2.16;11913.86;727.86;2.73;1425.72;119.33;3.5;787.363;853.973;0.673;1.206;2.776;3.433;0.1268;0.4694;2.4683;3.5155;0.238;0.59;2.116;2.644;56.4;55.1;52.9;52.4
2010-07-31;1101.6;83.04;2.05;11713.43;749.18;2.78;1474.91;117.84;3.4;771.834;839.258;0.686;1.469;3.116;3.698;0.14;0.5461;2.9052;3.9881;0.248;0.784;2.669;3.371;56.1;56.7;53.9;51.8
2010-06-30;1030.71;81.36;2.17;11294.42;773.05;2.87;1348.11;110.98;3.56;768.276;833.411;0.607;1.393;3.081;3.647;0.1704;0.6014;2.9311;3.8885;0.179;0.6;2.577;3.287;56.5;55.6;53.8;52.2
2010-05-31;1089.41;81.2;2.05;11762.99;783.7;2.74;1363.93;110.14;3.53;754.718;817.676;0.495;1.823;3.347;3.725;0.1521;0.7658;3.2848;4.2043;0.186;0.514;2.66;3.362;57.4;55.8;55.4;53.7
2010-04-30;1186.69;80.67;1.88;12210.7;773.86;2.62;1551.03;113.06;3.25;745.947;815.029;0.47;1.908;3.653;4.011;0.1542;0.9603;3.6532;4.5172;0.207;0.771;3.017;3.694;58.1;57.6;56.5;55.5
2010-03-31;1169.43;77.95;1.91;12037.73;772.03;2.65;1584.28;103.47;3.14;746.404;814.947;0.298;1.737;3.569;4.067;0.1501;1.0158;3.8257;4.7129;0.284;0.958;3.092;3.825;58.8;56.6;55.8;56
2010-02-28;1104.49;78;2.02;11629.63;774.76;2.75;1497.34;103.77;3.35;751.865;817.652;0.207;1.284;3.391;4.017;0.1146;0.8118;3.6117;4.5566;0.249;0.955;3.101;3.846;55.5;54.2;54.9;55.8
2010-01-31;1073.87;77.59;2.1;11094.31;788.35;2.9;1510.61;104.86;3.36;750.715;815.532;0.224;1.187;3.353;3.948;0.069;0.8118;3.5844;4.4884;0.278;1.119;3.196;3.925;56.3;52.4;55.3;56.4
2009-12-31;1115.1;61.85;2;11746.11;633.6;2.74;1580.77;89.28;3.04;737.135;797.357;0.339;1.475;3.613;4.079;0.0477;1.1354;3.8368;4.6411;0.306;1.331;3.387;4.112;55.8;51.6;54.7;55.1
2009-11-30;1095.63;63.36;2.05;11447.2;622.01;2.8;1559.57;92.09;3.17;747.762;805.367;0.31;1.101;3.223;3.841;0.0466;0.6632;3.1978;4.1917;0.408;1.257;3.159;3.88;55.4;51.6;53.9;54.7
2009-10-31;1036.2;62.04;2.16;10910.75;627.47;2.92;1532.74;90.41;3.19;737.915;794.609;0.309;1.39;3.423;3.924;0.0446;0.8891;3.3828;4.2253;0.366;1.288;3.231;3.978;57.6;50.7;54.4;54.4
2009-09-30;1057.08;59.99;2.11;11394.96;625.35;2.8;1552.84;87.17;3.1;738.348;789.541;0.308;1.269;3.314;3.843;0.1075;0.9446;3.3053;4.0501;0.328;1.265;3.22;3.947;54.9;49.3;53.7;54.1
2009-08-31;1020.63;59.82;2.18;10868.21;626.65;2.94;1498.97;86.15;3.17;731.755;783.887;0.252;1.28;3.375;3.891;0.1268;0.9683;3.3975;4.1782;0.321;1.244;3.257;3.983;53.4;48.2;53.2;53.7
2009-07-31;987.48;60.14;2.25;10787.15;624.45;2.99;1425.4;84.76;3.31;723.597;770.664;0.269;1.415;3.459;3.954;0.1755;1.1113;3.4796;4.2983;0.31;1.263;3.3;4.018;49.7;46.3;50.6;52.1
2009-06-30;919.32;59.31;2.41;10374.91;637.57;3.13;1307.16;84.11;3.59;718.841;755.776;0.249;1.212;3.364;3.862;0.1775;1.1091;3.5326;4.3294;0.588;1.365;3.386;4.195;46.3;42.6;47.8;51
2009-05-31;919.14;57.22;2.43;10370.07;636.77;3.13;1317.31;84.91;3.58;709.16;737;0.275;1.24;3.385;3.994;0.1298;0.9146;3.4594;4.3361;0.754;1.419;3.589;4.362;44.1;40.7;45.4;50.2
2009-04-30;872.81;57.34;2.61;9324.83;653.87;3.53;1185.84;83.1;3.85;710.108;721.848;0.354;0.988;3.101;3.841;0.1247;0.8987;3.1187;4.0324;0.674;1.337;3.178;3.902;39.9;36.8;42.6;48.6
2009-03-31;797.87;58.96;2.92;8720.39;673.16;3.82;1056.23;77.71;4.46;709.949;709.697;0.405;1.078;2.782;3.561;0.2009;0.796;2.6629;3.5339;0.498;1.235;2.994;3.857;37.2;33.9;38.4;45
2009-02-28;735.09;61.54;3.2;8123.02;696.44;4.21;997.65;84.02;4.88;697.389;697.045;0.696;1.162;3.131;3.704;0.2465;0.9701;3.0131;3.7083;0.785;1.311;3.112;3.783;36.6;33.5;36.8;43.7
2009-01-31;825.88;66.04;3.06;8694.9;754.18;4.01;1115.14;102.49;4.76;692.638;686.464;0.864;1.41;3.05;3.768;0.2262;0.9463;2.8403;3.603;1.124;1.532;3.296;3.878;36.4;34.4;35.4;40.6
2008-12-31;903.25;71.39;3.1;8987.7;920.8;4.21;1237.42;120.53;4.57;699.301;685.861;0.884;1.095;2.684;3.455;0.0761;0.7643;2.2123;2.6758;0.901;1.755;2.951;3.535;34.5;33.9;34.1;39.7
2008-11-30;896.24;75.22;3.12;9270.62;978.06;4.12;1168.23;122.52;4.78;679.711;681.98;1.709;1.703;3.324;3.902;0.0406;0.9807;2.92;3.4369;1.583;2.188;3.258;3.716;39;35.6;36.9;40.7
2008-10-31;968.75;78.42;2.9;9762.76;988.59;3.9;1238.81;134.59;4.79;663.563;674.432;1.9;2.02;3.759;4.279;0.436;1.548;3.953;4.3664;1.96;2.542;3.9;4.439;38.2;41.1;41.2;44.9
2008-09-30;1166.36;83.51;2.4;11752.9;1002.24;3.27;1553.15;151.81;4.27;669.177;687.589;1.763;2.777;3.757;4.233;0.9044;1.9599;3.8234;4.311;2.453;3.476;4.015;4.594;47.2;45;45.2;47.6
2008-08-31;1282.83;83.27;2.23;13771.25;1024.29;2.79;1821.06;156;3.72;682.455;702.942;2.437;2.709;3.534;4.017;1.7103;2.3669;3.8116;4.4227;4.292;4.111;4.176;4.554;50.1;47.6;48;49.3
2008-07-31;1267.38;86.7;2.25;13592.91;1047.29;2.83;1902.74;165.31;3.77;677.807;701.567;2.437;2.941;3.701;4.097;1.6594;2.5079;3.9462;4.5727;4.234;4.26;4.355;4.653;50.8;47.4;49;51.5
2008-06-30;1280;90.43;2.23;14467.03;1025.31;2.64;1967.19;167.03;3.72;671.692;695.387;2.511;3.245;3.734;4.081;1.7306;2.6164;3.969;4.5239;4.303;4.597;4.621;4.853;49.9;49.2;49.2;51.5
2008-05-31;1400.38;91.63;2.04;14714.73;986.07;2.58;2145.47;167.85;3.42;672.037;697.412;2.627;3.013;3.709;4.128;1.879;2.6411;4.0595;4.7147;3.974;4.316;4.405;4.809;48.9;50.6;50;52.8
2008-04-30;1385.59;92.13;2.06;13937.04;981.96;2.72;2139.53;170.43;3.44;673.059;697.123;2.673;2.746;3.588;4.085;1.3772;2.2537;3.7279;4.4672;3.63;3.757;4.123;4.618;48.5;50.7;50.2;53.1
2008-03-31;1322.7;95.17;2.18;13350.13;924.1;2.79;2038.62;174.06;3.61;676.575;698.68;1.877;2.624;3.44;3.939;1.3156;1.5824;3.4096;4.2917;3.408;3.431;3.899;4.545;49.7;52;50.6;53.2
2008-02-29;1330.63;96.78;2.15;13582.69;903.56;2.73;2070.06;170.04;3.47;670.127;697.344;3.036;2.783;3.64;4.09;1.838;1.6158;3.5092;4.4023;3.872;3.16;3.891;4.453;48.8;52.3;50.7;52.8
2008-01-31;1378.55;97.92;2.08;13155.1;912.56;2.75;2044.11;170.8;3.45;661.241;688.355;3.322;3.179;3.878;4.18;1.9409;2.0929;3.5931;4.3225;3.895;3.373;3.93;4.443;50.9;52.8;52;53.7
2007-12-31;1468.36;89.13;1.9;13833.06;821.99;2.48;2253.36;161.57;2.94;657.161;684.27;3.818;3.749;3.99;4.104;3.2368;3.0466;4.0232;4.4522;3.686;3.964;4.307;4.601;50.1;52.6;52;54.6
2007-11-30;1481.14;91.27;1.88;13689.12;826.18;2.55;2306.29;166.01;2.94;653.116;680.395;3.842;3.671;3.982;4.167;3.1445;2.9947;3.9379;4.379;3.858;3.831;4.126;4.553;51.5;52.8;52.4;54.2
2007-10-31;1549.38;93.22;1.8;14625;812.4;2.27;2388.74;163.65;2.79;643.655;676.639;3.927;4.159;4.307;4.379;3.9112;3.9452;4.4708;4.7457;3.857;4.056;4.239;4.491;52.8;51.5;52.4;55.4
2007-09-30;1526.75;94.33;1.81;14098.89;818.06;2.35;2300.38;161.95;2.85;639.615;671.661;3.953;4.081;4.344;4.444;3.7956;3.9835;4.5865;4.836;3.806;4.028;4.329;4.57;53.8;53.2;52.6;54.7
2007-08-31;1473.99;94.74;1.88;13660.48;826.96;2.44;2187.29;158.64;2.87;635.018;669.645;4.015;4.35;4.425;4.461;4.1059;4.132;4.5292;4.8224;3.914;4.013;4.242;4.484;52.2;54.3;52.6;54.4
2007-07-31;1455.28;94.66;1.89;13868.63;838.96;2.4;2227.5;157.5;2.83;629.639;665.376;4.547;4.623;4.534;4.461;4.9406;4.5174;4.7388;4.9019;4.062;4.299;4.347;4.459;51.8;54.9;53;53.6
2007-06-30;1503.35;93.4;1.81;13906.57;847.01;2.38;2262.24;153.92;2.72;628.899;666.963;4.325;4.589;4.555;4.489;4.802;4.8582;5.0244;5.1239;4.007;4.462;4.574;4.674;54;55.6;53.7;54.6
2007-05-31;1530.62;93.16;1.77;14056.78;845.72;2.33;2263.21;152.12;2.68;630.571;668.11;4.259;4.581;4.49;4.387;4.7311;4.9081;4.8879;5.0098;4.075;4.394;4.422;4.519;53.1;55;53.3;53.2
2007-04-30;1482.37;92.71;1.83;13416.68;861.24;2.42;2235.4;151.82;2.71;639.781;677.069;4.133;4.144;4.154;4.194;4.8401;4.591;4.6222;4.8131;3.916;4.128;4.154;4.298;52.7;55.4;53.5;53.2
2007-03-31;1420.86;91.94;1.87;13165.5;856.94;2.45;2147.51;145.52;2.71;639.608;679.473;4.175;3.982;4.113;4.2;5.0276;4.5744;4.6443;4.8432;3.901;4.016;4.057;4.223;52.8;55.4;52.5;52.3
2007-02-28;1406.82;92.35;1.86;13045.02;857.91;2.47;2102.26;143.76;2.8;641.182;680.92;4.24;3.988;4.03;4.093;5.1239;4.6423;4.5657;4.6806;3.809;3.876;3.957;4.075;54.1;55.6;53.4;52.7
2007-01-31;1438.24;92.12;1.81;13034.12;867.76;2.47;2087.68;142.33;2.78;633.06;672.55;4.207;4.111;4.177;4.219;5.1031;4.9165;4.808;4.9069;3.712;3.968;4.1;4.223;50.4;55.5;52.7;52.7
2006-12-31;1418.3;87.01;1.74;12908.39;802.01;2.4;2074.48;138.21;2.77;633.82;672.23;4.08;4.028;4.086;4.138;5.0061;4.808;4.7022;4.8095;3.608;3.903;3.948;4.052;51.4;56.5;53.4;53.4
2006-11-30;1400.63;87.34;1.76;12752.38;800.33;2.41;2012.31;138.71;2.85;638.77;676.13;4.174;3.873;3.903;3.992;5.0193;4.6084;4.4581;4.5619;3.561;3.658;3.695;3.836;50.3;56.6;53.2;53.6
2006-10-31;1377.94;87.09;1.79;12344.59;784.83;2.4;1957.64;134.38;2.78;632.06;669.41;4.19;3.976;4.026;4.085;5.0727;4.6926;4.5981;4.7153;3.377;3.678;3.741;3.844;51.4;57;53.7;53.5
2006-09-30;1335.85;86.26;1.82;11761.27;793.61;2.54;1885.26;134.34;2.94;629.4;666.26;4.168;3.906;4.001;4.085;4.8719;4.6829;4.6276;4.7619;3.304;3.585;3.709;3.901;52.2;56.6;54.2;53.8
2006-08-31;1303.82;86.27;1.87;12073.75;792.56;2.44;1885.49;135.63;2.93;622.84;659.55;4.186;3.974;4.109;4.193;5.0297;4.7754;4.7258;4.8768;3.184;3.522;3.76;4.015;53.7;56.5;54.2;53.1
2006-07-31;1276.66;86.38;1.9;11830.96;798.51;2.44;1839.66;136.24;3.03;612.6;649.37;4.193;4.125;4.314;4.377;5.0684;4.95;4.9794;5.0649;3.06;3.512;3.921;4.193;53;57.4;54.4;52.9
2006-06-30;1270.2;85.57;1.9;11612.87;776.63;2.45;1822.88;132.27;2.95;600.27;637.53;4.335;4.405;4.584;4.614;4.9757;5.1498;5.1364;5.1859;2.958;3.574;4.071;4.308;52;57.7;54.1;53.5
2006-05-31;1270.09;85.17;1.91;11744.52;770.7;2.42;1826.73;133.56;3.02;603.03;640.27;4.223;4.182;4.445;4.497;4.833;5.033;5.1186;5.2277;2.8;3.355;3.982;4.269;53.7;57;54.5;53.5
2006-04-30;1310.61;84.98;1.82;12204.17;763.08;2.25;1910.15;129.71;2.79;600.8;637.85;4.113;4.134;4.468;4.518;4.7578;4.8583;5.0505;5.1615;2.688;3.379;3.951;4.186;55.2;56.7;55.1;54.2
2006-03-31;1294.83;84.54;1.84;12110.61;769.34;2.32;1827.65;122.85;2.8;606.48;642.39;3.877;3.992;4.262;4.26;4.6023;4.8161;4.8472;4.8898;2.702;3.29;3.771;3.986;54.3;56.1;54.3;51.9
2006-02-28;1280.66;84.48;1.87;11688.34;763.13;2.01;1776.42;122.58;2.91;608.58;643.67;3.811;3.951;4.126;4.145;4.6156;4.6746;4.551;4.5075;2.572;3.021;3.489;3.716;55.8;54.5;54.9;53.2
2006-01-31;1280.09;84.34;1.85;11945.64;759.04;1.91;1782.57;123.33;2.9;605.3;641.01;3.56;3.859;4.166;4.244;4.46;4.5155;4.5152;4.6768;2.516;2.955;3.467;3.728;55;53.5;54.4;52
